name,RA,Dec,pmra,pmdec,pmra_error,pmdec_error,pm_sig,plx,plx_error,plx_sig,u,g,r,i,photo-z,specz,specz_cite
J0001-3003,0.393639,-30.059859,0.399,0.469,1.17,0.797,0.434962417,0.704,1.2673,0.555511718,20.707653,21.000006,20.754995,20.341125,1.17,,
J0001-3003,0.393438,-30.05957,0.399,0.469,1.17,0.797,0.434962417,0.704,1.2673,0.555511718,21.33465,21.257067,20.643719,20.37429,0.7,,
J0013-2850,3.375689,-28.840052,0.186,1.617,0.52,0.532,2.187939686,0.1852,0.6089,0.304155034,21.699398,20.914488,20.688852,20.550478,0.14,,
J0013-2850,3.37614,-28.840515,0.186,1.617,0.52,0.532,2.187939686,0.1852,0.6089,0.304155034,20.539406,20.094023,19.90466,19.519543,1.14,,
J0016-3442,4.121263,-34.712678,10.283,-19.748,0.332,0.49,37.61705992,0.7178,0.548,1.309854015,22.193876,20.424278,19.396614,19.005333,0.18,,
J0016-3442,4.120988,-34.712432,10.283,-19.748,0.332,0.49,37.61705992,0.7178,0.548,1.309854015,21.76981,20.32176,19.239813,18.818344,0.32,,
J0020-3202,5.214989,-32.040545,2.828,-22.089,1.012,1.338,13.27438732,1.81,1.6722,1.082406411,22.554531,21.039446,20.01839,19.565777,0.25,,
J0020-3202,5.215248,-32.040157,2.828,-22.089,1.012,1.338,13.27438732,1.81,1.6722,1.082406411,23.341995,21.227617,19.998365,19.430498,0.18,,
J0021-3409,5.311114,-34.155862,,,,,,,,,24.315567,21.70626,20.243645,19.716534,0.39,,
J0021-3409,5.311245,-34.155454,,,,,,,,,23.19482,21.020481,19.50972,19.117498,0.36,,
J0022-3442,5.692502,-34.715032,6.46,-5.186,0.727,1.705,4.469372717,0.3011,1.0857,0.277332596,23.604712,21.38846,20.095076,19.591848,0.19,,
J0022-3442,5.692254,-34.714608,6.46,-5.186,0.727,1.705,4.469372717,0.3011,1.0857,0.277332596,23.600933,21.321749,19.938618,19.465443,0.38,,
J0029-3413,7.306662,-34.232366,4.047,-27.217,0.388,0.794,31.13644927,0.4258,0.648,0.657098765,20.830626,19.850967,19.56286,19.269299,0.01,,
J0029-3413,7.306223,-34.23261,4.047,-27.217,0.388,0.794,31.13644927,0.4258,0.648,0.657098765,18.877773,17.931763,17.654634,17.570824,0.01,,
J0030-3135,7.514854,-31.58907,10.487,0.575,2.472,2.139,3.212871685,2.3433,2.2154,1.057732238,25.606949,22.541348,21.122705,20.64629,0.3,,
J0030-3135,7.5144,-31.58907,10.487,0.575,2.472,2.139,3.212871685,2.3433,2.2154,1.057732238,24.56399,21.83416,20.637178,20.18337,0.14,,
J0030-3358,7.674091,-33.976476,-0.92,-0.085,1.757,1.553,0.394000988,-0.3096,2.0613,0.150196478,21.977228,21.563335,21.041471,20.297941,0.98,1.58,LEMON4
J0030-3358,7.673903,-33.976963,-0.92,-0.085,1.757,1.553,0.394000988,-0.3096,2.0613,0.150196478,21.144672,20.76334,20.548218,20.26976,2.14,1.58,LEMON4
J0038-3319,9.680209,-33.319043,-0.725,-0.111,0.431,0.263,1.452642908,0.3957,0.2951,1.340901389,19.442436,19.091331,18.888077,18.822546,0.12,,
J0038-3319,9.680173,-33.31852,-0.725,-0.111,0.431,0.263,1.452642908,0.3957,0.2951,1.340901389,19.825674,18.890474,18.503143,18.333508,0.01,,
J0040-3400,10.169291,-34.002598,-1.561,-4.019,0.877,1.258,2.811503693,3.6927,1.0564,3.495550928,20.254854,19.848001,19.425444,19.194668,0.27,,
J0040-3400,10.169621,-34.002243,-1.561,-4.019,0.877,1.258,2.811503693,3.6927,1.0564,3.495550928,21.204632,20.472757,19.812895,19.496342,0.2,,
J0045-3416,11.382209,-34.268842,,,,,,,,,20.543726,19.915623,19.434244,19.289742,0.32,,
J0045-3416,11.382242,-34.268793,,,,,,,,,20.63768,19.985182,19.467442,19.343111,0.32,,
J0047-2848,11.904101,-28.815896,-0.301,-0.556,0.479,0.564,0.854437771,-0.1223,0.5478,0.223256663,21.848938,21.263283,20.803255,20.636263,0.27,,
J0047-2848,11.903631,-28.816015,-0.301,-0.556,0.479,0.564,0.854437771,-0.1223,0.5478,0.223256663,20.335888,20.354664,20.020292,19.968517,0.02,0.633,2QZ
J0050-2854,12.623285,-28.900723,3.638,-2.262,1.571,1.141,2.206336889,-3.4285,1.4345,2.39003137,22.008654,21.014658,20.54843,20.352768,0.02,,
J0050-2854,12.622924,-28.901191,3.638,-2.262,1.571,1.141,2.206336889,-3.4285,1.4345,2.39003137,21.34679,20.465723,19.96552,19.683344,0.19,,
J0053-3223,13.310058,-32.394918,,,,,,,,,20.861053,20.568287,20.150707,19.531763,0.73,,
J0053-3223,13.310123,-32.394549,,,,,,,,,20.852777,19.743563,19.158213,18.86145,0.11,,
J0054-2753,13.585976,-27.888256,7.282,-30.359,0.287,0.291,76.38559082,1.1414,0.2839,4.020429729,21.62595,19.029089,17.865921,17.330599,0.15,,
J0054-2753,13.585534,-27.888337,7.282,-30.359,0.287,0.291,76.38559082,1.1414,0.2839,4.020429729,20.96533,18.392834,17.235634,16.781422,0.13,,
J0059-2728,14.890584,-27.471033,,,,,,,,,21.57315,21.083736,20.525114,20.452402,0.3,,
J0059-2728,14.890407,-27.470689,,,,,,,,,22.485949,21.938105,21.252966,21.084702,0.34,,
J0059-2902,14.862272,-29.044645,,,,,,,,,22.439434,21.051674,20.451431,20.156307,0.18,,
J0059-2902,14.862438,-29.044257,,,,,,,,,22.19725,21.19939,20.611353,20.3296,0.19,,
J0100-3406,15.128183,-34.109264,0.147,0.532,0.124,0.097,3.505855501,-0.3315,0.1684,1.968527316,18.721588,18.472242,18.24263,18.07221,0.12,,
J0104-3411,16.15793,-34.199561,0.519,-1.696,1.257,0.872,1.159353453,3.3026,1.7612,1.875198728,21.878927,21.02123,20.778816,20.73007,0.2,,
J0104-3411,16.158123,-34.199021,0.519,-1.696,1.257,0.872,1.159353453,3.3026,1.7612,1.875198728,22.353724,21.530298,20.979542,20.793653,0.17,,
J0105-3141,16.449223,-31.694596,3.884,-9.022,0.179,0.155,41.48329332,0.3365,0.2686,1.252792256,21.88297,19.283577,18.087252,17.565817,0.16,,
J0105-3141,16.449465,-31.694774,3.884,-9.022,0.179,0.155,41.48329332,0.3365,0.2686,1.252792256,21.72681,19.146223,17.929224,17.463526,0.14,,
J0111-3314,17.84662,-33.247942,13.165,-8.37,0.468,0.49,23.02354552,0.688,0.5587,1.231430106,25.210564,22.071014,20.546616,19.356468,0.59,,
J0111-3314,17.846999,-33.247865,13.165,-8.37,0.468,0.49,23.02354552,0.688,0.5587,1.231430106,25.133823,22.542706,20.966309,19.709955,0.59,,
J0112-2908,18.028292,-29.147021,17.164,3.436,0.243,0.293,45.98535649,1.3536,0.4385,3.086887115,23.295599,20.698614,19.287308,18.148293,0.47,,
J0112-2908,18.028559,-29.146995,17.164,3.436,0.243,0.293,45.98535649,1.3536,0.4385,3.086887115,23.401209,20.558727,19.09925,18.063597,0.38,,
J0115-3245,18.926027,-32.7619,,,,,,,,,21.621088,20.890171,20.704315,20.5982,0.19,,
J0115-3245,18.925776,-32.761479,,,,,,,,,21.183674,20.256754,19.979465,19.873995,0.2,,
J0118-2848,19.599347,-28.808331,0.34,-4.014,0.271,0.207,11.81295595,-0.3723,0.2765,1.346473779,22.17138,21.182783,20.810026,20.660746,0.09,,
J0118-2848,19.599845,-28.808162,0.34,-4.014,0.271,0.207,11.81295595,-0.3723,0.2765,1.346473779,20.51626,19.565405,19.27262,19.1816,0.03,,
J0120-3228,20.222526,-32.481075,-4.136,-8.753,0.554,0.307,15.28474189,0.2529,0.4591,0.550860379,20.971205,19.702717,19.16661,18.97304,0.01,,
J0120-3228,20.22267,-32.480752,-4.136,-8.753,0.554,0.307,15.28474189,0.2529,0.4591,0.550860379,21.270842,19.909542,19.357468,19.179764,0.04,,
J0121-3140,20.412977,-31.674381,8.929,-6.988,1.13,1.363,6.404064698,1.188,1.1699,1.015471408,21.151232,20.208662,19.80357,19.576197,0.01,,
J0121-3140,20.413424,-31.674414,8.929,-6.988,1.13,1.363,6.404064698,1.188,1.1699,1.015471408,20.069803,19.172598,18.892897,18.750471,0.14,,
J0122-2700,20.694899,-27.001755,0.671,-0.709,0.768,0.558,1.028302701,0.8678,0.7146,1.21438567,21.475082,20.954483,20.503942,20.199263,0.26,,
J0122-2700,20.6946,-27.001912,0.671,-0.709,0.768,0.558,1.028302701,0.8678,0.7146,1.21438567,20.619602,20.313389,20.139748,19.803959,0.25,,
J0126-3334,21.603708,-33.581365,4.017,-22.58,0.151,0.105,124.6994482,0.7952,0.193,4.120207254,20.835932,19.085253,18.126202,17.821321,0.05,,
J0126-3334,21.603703,-33.581346,4.017,-22.58,0.151,0.105,124.6994482,0.7952,0.193,4.120207254,21.065128,19.114683,18.159185,17.834364,0.07,,
J0133-3006,23.453359,-30.109497,-1.114,0.815,1.083,0.983,0.943733167,-1.8679,1.0675,1.749789227,22.648514,21.713047,20.837788,20.409012,0.3,,
J0133-3006,23.453424,-30.109034,-1.114,0.815,1.083,0.983,0.943733167,-1.8679,1.0675,1.749789227,22.073689,21.431986,20.551754,20.264416,0.35,,
J0133-3133,23.488869,-31.555435,-11.721,-38.6,0.407,0.35,75.15032049,0.0547,0.5454,0.100293363,23.04968,21.096539,19.905348,19.494715,0.1,,
J0133-3133,23.489357,-31.555265,-11.721,-38.6,0.407,0.35,75.15032049,0.0547,0.5454,0.100293363,22.3654,21.068249,19.79303,19.293814,0.39,,
J0141-3407,25.366883,-34.118708,2.251,-2.161,1.36,1.212,1.712919902,2.9141,2.2999,1.267055089,21.04458,20.926395,20.716255,20.470505,0.94,,
J0141-3407,25.366446,-34.118954,2.251,-2.161,1.36,1.212,1.712919902,2.9141,2.2999,1.267055089,20.941721,20.13116,19.833826,19.710756,0.01,,
J0145-3515,26.404853,-35.250941,1.579,-2.949,0.233,0.437,6.754611669,-0.7355,0.461,1.595444685,22.724445,21.626513,21.145603,20.872402,0.08,,
J0145-3515,26.405338,-35.251364,1.579,-2.949,0.233,0.437,6.754611669,-0.7355,0.461,1.595444685,21.245714,20.401272,20.147627,20.043322,0.03,,
J0146-3449,26.5812,-34.821576,8.182,-6.542,0.103,0.139,60.55288422,1.7659,0.1709,10.33294324,22.12621,19.58718,18.10051,17.10856,0.34,,
J0146-3449,26.581512,-34.821929,8.182,-6.542,0.103,0.139,60.55288422,1.7659,0.1709,10.33294324,21.597965,18.942541,17.549686,16.59038,0.44,,
J0148-3110,27.014819,-31.177696,,,,,,,,,21.446585,21.003784,20.413313,20.71728,0.21,,
J0148-3110,27.015205,-31.17766,,,,,,,,,21.352537,20.848822,20.384502,20.61815,0.21,,
J0154-2940,28.743004,-29.67283,5.912,1.312,0.163,0.107,31.05840202,0.5216,0.1434,3.637377964,21.529024,18.998117,17.879799,17.537273,0.12,2.97,LEMON4
J0154-2940,28.742877,-29.673299,5.912,1.312,0.163,0.107,31.05840202,0.5216,0.1434,3.637377964,21.648443,19.052666,17.8926,17.356297,0.17,2.97,LEMON4
J0156-2751,29.104138,-27.856148,0.896,0.336,0.794,0.626,0.946428312,-0.2444,0.7413,0.329691083,21.646114,20.108416,19.754189,19.86032,0.06,,
J0156-2751,29.103691,-27.856093,0.896,0.336,0.794,0.626,0.946428312,-0.2444,0.7413,0.329691083,21.694191,20.102213,19.7145,19.800488,2.93,,
J0202-3059,30.500539,-30.996125,-21.968,-27.966,0.136,0.108,204.7747501,3.3257,0.1177,28.25573492,22.138006,19.408775,17.92231,16.842367,0.46,,
J0202-3059,30.501034,-30.996016,-21.968,-27.966,0.136,0.108,204.7747501,3.3257,0.1177,28.25573492,22.188995,19.388739,17.89953,16.751368,0.48,,
J0209-2954,32.306582,-29.907377,0.687,-0.446,0.772,0.784,0.744417427,1.2252,0.5775,2.121558442,19.844887,18.384905,17.774475,17.522346,0.07,,
J0209-2954,32.306189,-29.907582,0.687,-0.446,0.772,0.784,0.744417427,1.2252,0.5775,2.121558442,19.948725,19.567005,19.117224,19.008411,0.28,,
J0213-3024,33.491156,-30.409776,5.535,-3.77,1.09,1.17,4.188047736,-2.5469,0.9703,2.624858291,24.41632,21.90512,20.378592,19.489866,0.53,,
J0213-3024,33.490972,-30.409575,5.535,-3.77,1.09,1.17,4.188047736,-2.5469,0.9703,2.624858291,24.177189,21.741678,20.200846,19.320997,0.52,,
J0213-3351,33.417805,-33.855155,-1.925,-10.267,0.189,0.359,25.74710971,0.2788,0.4312,0.646567718,20.98847,20.473562,19.778133,19.548157,0.39,,
J0213-3351,33.418432,-33.854808,-1.925,-10.267,0.189,0.359,25.74710971,0.2788,0.4312,0.646567718,19.266525,18.328852,18.02162,17.908157,0.03,,
J0220-2922,35.224302,-29.368639,3.215,13.635,0.849,0.906,11.28270314,0.7479,0.786,0.951526718,23.831728,21.722332,20.239222,19.358734,0.51,,
J0220-2922,35.223948,-29.368411,3.215,13.635,0.849,0.906,11.28270314,0.7479,0.786,0.951526718,23.78282,22.075397,20.385565,19.675272,0.48,,
J0227-3158,36.841585,-31.971757,0.612,-5.128,0.28,0.26,13.51582735,0.9086,0.2882,3.152671756,23.319918,20.960735,19.625092,19.15651,0.21,,
J0227-3158,36.841236,-31.971616,0.612,-5.128,0.28,0.26,13.51582735,0.9086,0.2882,3.152671756,22.896389,20.42495,19.097261,18.599821,0.18,,
J0231-3440,37.927415,-34.681065,2.344,-6.441,0.347,0.63,9.529832456,0.3026,0.552,0.548188406,21.960516,20.542501,19.813679,19.532074,0.22,,
J0231-3440,37.927946,-34.681458,2.344,-6.441,0.347,0.63,9.529832456,0.3026,0.552,0.548188406,21.033821,20.0735,19.619677,19.444332,0.01,,
J0233-3255,38.28695,-32.917684,-0.104,0.48,0.187,0.401,1.110017908,-0.0041,0.4297,0.009541541,19.994043,19.773905,19.497963,19.313864,1.08,,
J0240-3416,40.140493,-34.269557,,,,,,,,,23.110643,21.626661,20.47541,19.909698,0.6,,
J0240-3416,40.14001,-34.269736,,,,,,,,,22.548304,21.157602,20.251812,19.807886,0.3,,
J0241-3101,40.291056,-31.028932,3.623,-6.953,0.171,0.19,30.6718458,-0.0173,0.1931,0.089590886,21.254225,20.492914,19.962856,19.80026,0.2,,
J0241-3101,40.291589,-31.028987,3.623,-6.953,0.171,0.19,30.6718458,-0.0173,0.1931,0.089590886,20.010345,19.039253,18.750484,18.668842,0.03,,
J0242-3054,40.696715,-30.913117,26.981,7.144,0.308,0.347,60.15573543,1.1698,0.3175,3.684409449,22.235516,19.597672,18.151405,17.140303,0.47,,
J0247-2950,41.878252,-29.843824,0.352,-5.843,0.534,0.616,7.180231489,0.3931,0.5043,0.779496332,23.44963,21.003323,19.588764,18.648737,0.51,,
J0247-2950,41.878449,-29.844083,0.352,-5.843,0.534,0.616,7.180231489,0.3931,0.5043,0.779496332,23.18117,20.590895,19.294064,18.44745,0.27,,
J0252-3249,43.241358,-32.819592,0.051,-0.057,0.064,0.093,0.677497993,-0.0188,0.0991,0.189707366,20.66122,19.855162,19.590563,19.422806,0.04,,
J0252-3249,43.241119,-32.819042,0.051,-0.057,0.064,0.093,0.677497993,-0.0188,0.0991,0.189707366,18.609777,18.317066,18.051899,17.996563,0.4,,
J0255-2822,43.957334,-28.383104,2.678,-3.424,1.341,1.658,2.038471094,2.5036,1.7302,1.447000347,22.01022,20.180546,19.025263,18.67836,0.27,,
J0257-2700,44.46478,-27.010931,,,,,,,,,23.200499,20.93602,19.597689,19.12404,0.26,,
J0257-2700,44.465224,-27.011312,,,,,,,,,23.546515,21.24873,19.998016,19.504827,0.15,,
J0257-3501,44.290504,-35.023704,0.83,-1.462,0.889,0.96,1.284903908,0.7244,0.9022,0.80292618,19.934715,19.017057,18.464579,18.148869,0.21,,
J0257-3501,44.29047,-35.023305,0.83,-1.462,0.889,0.96,1.284903908,0.7244,0.9022,0.80292618,19.25044,18.214504,17.78935,17.635767,0.13,,
J0310-3525,47.562056,-35.417743,-3.421,-0.587,1.076,1.062,2.2958951,-0.6681,1.0291,0.649208046,21.02494,20.007473,19.446886,19.11394,0.18,,
J0310-3525,47.561562,-35.417676,-3.421,-0.587,1.076,1.062,2.2958951,-0.6681,1.0291,0.649208046,21.219124,20.02374,19.257147,18.915672,0.21,,
J0313-3343,48.39203,-33.727459,-0.064,0.122,0.19,0.235,0.455882859,-0.1212,0.2519,0.481143311,20.888203,19.540745,18.85368,18.595797,0.18,,
J0313-3343,48.39222,-33.727918,-0.064,0.122,0.19,0.235,0.455882859,-0.1212,0.2519,0.481143311,20.874977,19.327942,18.479885,18.142529,0.19,,
J0315-3522,48.909625,-35.382836,0.07,-0.204,0.068,0.117,1.593754534,0.1514,0.0887,1.706877114,18.54146,18.697382,18.57139,18.505808,0.64,0.457,LEMON4
J0315-3522,48.909979,-35.382636,0.07,-0.204,0.068,0.117,1.593754534,0.1514,0.0887,1.706877114,17.837263,17.74059,17.894161,17.884851,0.07,0.457,LEMON4
J0317-3113,49.355876,-31.226523,,,,,,,,,20.016884,19.114769,18.624846,18.37096,0.13,,
J0317-3113,49.356306,-31.226566,,,,,,,,,19.783325,18.739752,18.24406,18.00953,0.1,,
J0326-3122,51.528663,-31.381697,-0.013,0.197,0.199,0.313,0.532289509,-0.2473,0.2638,0.937452616,20.635387,20.158192,19.979515,19.88428,0.17,1.34,VAQL
J0326-3122,51.52828,-31.381518,-0.013,0.197,0.199,0.313,0.532289509,-0.2473,0.2638,0.937452616,19.928116,19.661646,19.397226,19.122862,0.25,,
J0327-2918,51.99028,-29.306031,3.21,2.012,0.794,1.233,2.583256096,1.016,0.9167,1.108323334,23.370203,21.565437,20.244822,19.706213,0.21,,
J0327-2918,51.989835,-29.306167,3.21,2.012,0.794,1.233,2.583256096,1.016,0.9167,1.108323334,22.929352,21.47701,20.020905,19.469486,0.48,,
J0329-3258,52.305845,-32.971198,7.6,-0.333,0.506,0.774,8.226565813,0.0866,0.7287,0.118841773,24.079002,21.627403,20.262182,19.659367,0.24,,
J0329-3258,52.30542,-32.97114,7.6,-0.333,0.506,0.774,8.226565813,0.0866,0.7287,0.118841773,23.630999,21.549816,20.065187,19.523703,0.43,,
J0329-3410,52.337522,-34.177902,,,,,,,,,21.708303,20.773699,20.047762,19.72549,0.26,,
J0329-3410,52.337528,-34.178559,,,,,,,,,20.655325,20.007038,19.421783,19.169708,0.75,,
J0333-2803,53.352284,-28.058703,11.76,-0.045,0.348,0.646,16.02691411,1.4112,0.4878,2.89298893,24.022383,21.3054,19.888592,19.018496,0.3,,
J0333-2803,53.352612,-28.058778,11.76,-0.045,0.348,0.646,16.02691411,1.4112,0.4878,2.89298893,23.594133,21.042067,19.635406,18.784567,0.29,,
J0837+0035,129.448102,0.59143,,,,,,,,,21.401134,20.34229,19.925276,19.694012,0.05,,
J0837+0035,129.448405,0.591225,,,,,,,,,21.263947,20.149689,19.666695,19.35335,0.09,,
J0839-0056,129.944668,-0.937346,-1.34,0.234,0.222,0.172,4.843699952,0.2333,0.2222,1.049954995,19.496153,18.48472,18.170141,17.952133,0.08,,
J0839-0056,129.945069,-0.937333,-1.34,0.234,0.222,0.172,4.843699952,0.2333,0.2222,1.049954995,20.541466,19.649548,19.169937,18.94898,0.23,,
J0847-0003,131.763359,-0.065975,-2.134,0.303,0.8,0.748,1.96801212,0.4283,0.6131,0.698580982,22.123652,21.00437,20.583868,20.433018,0.08,,
J0847-0003,131.763705,-0.065883,-2.134,0.303,0.8,0.748,1.96801212,0.4283,0.6131,0.698580982,21.322828,20.25826,19.911524,19.767061,0.02,,
J0848+0115,132.23371,1.261148,-0.381,0.634,0.462,0.409,1.198765973,-0.045,0.3796,0.118545838,19.139309,18.886719,19.053627,18.852705,1.81,0.646,DR16Q
J0848+0115,132.233758,1.260778,-0.381,0.634,0.462,0.409,1.198765973,-0.045,0.3796,0.118545838,19.901342,19.399828,19.307753,19.035587,0.1,,
J0848+0129,132.106421,1.483268,0.068,-0.357,0.837,0.631,0.346706138,-0.4023,0.7644,0.526295133,20.575659,19.509024,19.107943,18.954222,0.01,,
J0848+0129,132.106509,1.483768,0.068,-0.357,0.837,0.631,0.346706138,-0.4023,0.7644,0.526295133,20.34768,20.09864,19.871132,19.78475,0.02,,
J0858+0216,134.745647,2.273061,,,,,,,,,22.071035,20.919971,20.214163,19.90685,0.15,,
J0858+0216,134.746077,2.272765,,,,,,,,,19.80257,18.816141,18.447031,18.31937,0.03,,
J0900-0038,135.15956,-0.64524,-1.827,-3.116,0.802,0.42,3.989878807,-0.1965,0.6277,0.313047634,21.398632,20.75804,20.28666,20.089378,0.28,,
J0900-0038,135.159537,-0.645622,-1.827,-3.116,0.802,0.42,3.989878807,-0.1965,0.6277,0.313047634,21.165886,20.2737,19.892202,19.734488,0.04,,
J0907+0003,136.793675,0.056034,,,,,,,,,19.437502,19.770306,19.425457,19.08777,1.3,1.812,2SLAQ
J0907+0003,136.793753,0.0558,,,,,,,,,19.441307,19.71297,19.502977,19.037552,1.3,1.812,2SLAQ
J0910-0133,137.549069,-1.553926,-0.328,-3.438,1.473,1.216,1.808102602,0.9332,1.2641,0.738232735,21.505917,20.512033,20.136269,19.984167,0.02,,
J0910-0133,137.549453,-1.553742,-0.328,-3.438,1.473,1.216,1.808102602,0.9332,1.2641,0.738232735,20.780127,19.79281,19.535868,19.457804,0.03,,
J0913-0044,138.385922,-0.734751,-0.335,0.467,0.508,0.353,0.929072446,0.769,0.4955,1.551967709,20.059713,19.33524,19.411537,19.235455,0.02,,
J0913-0044,138.385443,-0.734984,-0.335,0.467,0.508,0.353,0.929072446,0.769,0.4955,1.551967709,19.724726,18.71063,18.412218,18.300898,0.03,2.393,DR18Q
J0916+0232,139.192377,2.543317,6.065,1.675,0.306,0.181,17.69797369,0.3897,0.2642,1.475018925,21.951014,20.204842,19.072773,18.601913,0.19,,
J0916+0232,139.192064,2.543049,6.065,1.675,0.306,0.181,17.69797369,0.3897,0.2642,1.475018925,21.704851,19.534576,18.355438,17.902248,0.14,,
J0919-0151,139.953105,-1.862932,,,,,,,,,23.193336,21.770254,20.216183,19.715914,0.34,,
J0921+0104,140.468772,1.078861,,,,,,,,,22.296732,21.892206,21.416239,21.516912,0.31,,
J0921+0104,140.468652,1.07927,,,,,,,,,21.836637,21.294764,20.803776,20.744633,0.28,,
J0921+0247,140.468756,2.796501,-11.75,-14.354,0.52,0.302,30.8479002,1.2837,0.4087,3.140934671,24.685736,21.471603,20.045113,18.85093,0.54,,
J0921+0247,140.468881,2.796993,-11.75,-14.354,0.52,0.302,30.8479002,1.2837,0.4087,3.140934671,23.834536,21.025276,19.609299,18.470053,0.53,,
J0923-0110,140.822829,-1.173646,,,,,,,,,22.884466,21.474228,20.96641,20.736725,0.08,,
J0923-0110,140.823223,-1.173463,,,,,,,,,22.601444,21.913952,21.328674,21.197523,0.27,,
J0924+0219,141.232598,2.323271,-0.196,-0.313,0.224,0.144,1.386830668,-0.1707,0.2018,0.845887017,20.049273,19.616852,19.184198,18.822655,0.65,1.525,DR16Q
J0924+0219,141.232582,2.323726,-0.196,-0.313,0.224,0.144,1.386830668,-0.1707,0.2018,0.845887017,19.008007,18.637646,18.30818,18.01711,0.66,,
J0925-0142,141.438466,-1.715273,,,,,,,,,23.874992,21.499884,20.122187,19.640053,0.43,,
J0925-0142,141.438953,-1.715142,,,,,,,,,22.96073,21.1502,19.80355,19.29848,0.43,,
J1001+0153,150.394734,1.888893,,,,,,,,,20.241589,19.29838,18.888727,18.653854,0.12,,
J1031+0347,157.998663,3.799418,-0.822,-2.559,1.499,1.034,1.475965773,-1.106,1.3122,0.84285932,21.876585,21.163363,20.792374,20.603527,0.19,,
J1031+0347,157.998455,3.799828,-0.822,-2.559,1.499,1.034,1.475965773,-1.106,1.3122,0.84285932,21.468138,20.644857,20.344011,20.237703,0.04,,
J1034+0345,158.618384,3.75993,,,,,,,,,24.126314,21.963709,20.609667,20.16379,0.15,,
J1034+0345,158.618257,3.760268,,,,,,,,,24.693819,22.863983,21.149286,20.76051,0.22,,
J1037+0018,159.366662,0.305736,,,,,,,,,17.80368,18.544285,18.274618,17.6608,0.35,,
J1042+0015,160.597316,0.255916,,,,,,,,,22.457285,21.692131,20.614727,19.88812,0.79,,
J1042+0015,160.597365,0.255511,,,,,,,,,22.812931,22.344294,21.611748,20.950481,0.75,,
J1042+0023,160.655244,0.383727,,,,,,,,,23.215137,20.776966,20.136719,20.076456,0.14,2.26,SPIN18
J1042+0023,160.655127,0.38409,,,,,,,,,23.416319,21.16443,20.45692,20.323986,0.16,2.26,SPIN18
J1044-0228,161.088709,-2.473542,-1.171,-2.107,0.331,0.263,5.701841302,0.3783,0.2805,1.348663102,20.99067,20.359997,19.838156,19.598219,0.24,,
J1044-0228,161.088995,-2.47331,-1.171,-2.107,0.331,0.263,5.701841302,0.3783,0.2805,1.348663102,20.120779,19.28771,18.919971,18.781454,0.14,,
J1046-0153,161.670317,-1.886044,-7.108,1.828,0.606,0.458,9.661986476,-2.6643,0.59,4.515762712,20.890068,19.496746,18.987839,18.663343,0.06,,
J1046-0153,161.669879,-1.886204,-7.108,1.828,0.606,0.458,9.661986476,-2.6643,0.59,4.515762712,18.861898,17.818579,17.534485,17.289768,0.04,,
J1046-0253,161.639406,-2.889607,-9.452,-7.504,0.604,0.613,14.02388255,1.4773,0.5046,2.927665478,22.50508,20.442177,19.286308,18.847857,0.2,,
J1046-0253,161.639573,-2.88986,-9.452,-7.504,0.604,0.613,14.02388255,1.4773,0.5046,2.927665478,22.657501,20.45619,19.297413,18.862312,0.15,,
J1047-0329,161.8987,-3.495514,-1.063,-0.788,1.218,0.999,0.839987757,0.5084,1.1387,0.446474049,22.352499,21.803173,21.140749,20.72145,0.68,,
J1047-0329,161.898063,-3.495365,-1.063,-0.788,1.218,0.999,0.839987757,0.5084,1.1387,0.446474049,21.517385,20.61615,20.339954,20.212755,0.04,,
J1048-0119,162.091163,-1.317856,,,,,,,,,20.983555,20.42733,20.589724,20.268236,0.1,,
J1048-0119,162.090839,-1.318156,,,,,,,,,20.513178,19.624193,19.386156,19.271984,0.03,,
J1053-0256,163.428109,-2.935063,-1.045,0.944,1.714,1.307,0.65333704,-0.5422,1.776,0.305292793,20.873741,20.350733,20.015915,19.875416,0.26,,
J1053-0256,163.427914,-2.935564,-1.045,0.944,1.714,1.307,0.65333704,-0.5422,1.776,0.305292793,21.165354,20.337555,20.068518,19.944216,0.2,,
J1056+0358,164.133368,3.980635,,,,,,,,,21.78936,20.307863,19.135643,18.62101,0.32,,
J1056+0358,164.133766,3.980099,,,,,,,,,20.854847,19.001589,18.082169,17.72296,0.01,,
J1056-0033,164.248888,-0.554551,,,,,,,,,22.23429,21.647135,20.942806,20.674253,0.66,,
J1056-0033,164.249228,-0.554182,,,,,,,,,21.175234,20.856594,20.40681,20.258114,0.73,,
J1059+0129,164.959421,1.485695,,,,,,,,,20.36645,19.143686,18.566956,18.287088,0.11,,
J1059+0129,164.959643,1.485328,,,,,,,,,19.280355,18.21715,17.762133,17.530445,0.02,,
J1105+0319,166.400983,3.331887,0.196,0.113,0.21,0.172,0.833459991,0.1576,0.1875,0.840533333,22.972923,20.737656,19.395409,18.900204,0.14,,
J1105+0319,166.400928,3.331307,0.196,0.113,0.21,0.172,0.833459991,0.1576,0.1875,0.840533333,19.836557,18.978596,18.197306,17.949064,0.25,0.924,DR16Q
J1105-0153,166.485188,-1.886224,-3.383,-5.312,0.737,0.631,6.491073636,-0.0866,0.6258,0.13838287,21.17714,20.974693,20.652538,20.464445,1.11,,
J1105-0153,166.485557,-1.88596,-3.383,-5.312,0.737,0.631,6.491073636,-0.0866,0.6258,0.13838287,21.106365,20.26189,19.864723,19.721804,0.01,,
J1119-0340,169.93152,-3.677869,,,,,,,,,21.50011,19.656483,18.757082,18.44306,0.05,,
J1119-0340,169.930986,-3.677849,,,,,,,,,21.558378,19.645887,18.500257,18.09249,0.2,,
J1121+0114,170.436715,1.239183,0.878,-0.062,0.403,0.334,1.681616981,-0.9259,0.4639,1.99590429,20.400057,19.670353,19.365139,19.258516,0.04,1.296,DR16Q
J1121+0114,170.436527,1.239565,0.878,-0.062,0.403,0.334,1.681616981,-0.9259,0.4639,1.99590429,19.690588,19.607487,19.261326,19.294355,0.02,,
J1123+0019,170.919768,0.326561,-1.895,-3.409,0.861,0.685,3.544923585,0.2231,0.9642,0.23138353,22.079369,21.20363,20.680025,20.284369,0.12,,
J1123+0019,170.920062,0.326523,-1.895,-3.409,0.861,0.685,3.544923585,0.2231,0.9642,0.23138353,21.308779,20.358929,19.943583,19.767586,0.02,,
J1125+0234,171.329192,2.581326,,,,,,,,,21.578651,21.342394,20.905373,20.606987,0.65,,
J1125+0234,171.329228,2.581656,,,,,,,,,20.917866,20.733437,20.32543,20.008467,0.65,,
J1125-0328,171.367411,-3.467353,-0.564,-5.034,0.2,0.148,20.35929053,0.335,0.1903,1.76037835,20.618528,20.540316,20.184849,20.235083,0.44,,
J1125-0328,171.367159,-3.4669,-0.564,-5.034,0.2,0.148,20.35929053,0.335,0.1903,1.76037835,19.582201,18.681849,18.353981,18.230417,0.03,,
J1127+0352,171.908916,3.871097,,,,,,,,,23.733454,22.826525,21.753477,20.741354,0.95,,
J1136+0228,174.057702,2.477539,3.266,-8.069,0.658,0.357,11.62814272,0.4712,0.5265,0.894966762,22.2286,21.178015,20.55953,20.260054,0.17,,
J1136+0228,174.058181,2.4775,3.266,-8.069,0.658,0.357,11.62814272,0.4712,0.5265,0.894966762,21.509594,20.430273,19.963034,19.776129,0.03,,
J1136+0338,174.055803,3.644786,-1.057,-3.409,0.351,0.32,7.514310678,0.4453,0.4592,0.969729965,19.508036,18.993856,18.543327,18.457373,0.17,1.188,DR16Q
J1136+0338,174.055368,3.644687,-1.057,-3.409,0.351,0.32,7.514310678,0.4453,0.4592,0.969729965,20.17616,19.339735,18.905415,18.777714,0.01,,
J1138+0148,174.646517,1.807185,-0.281,0.048,0.861,0.703,0.256463239,-1.9392,1.0058,1.928017499,22.56809,21.946222,21.121046,19.936571,0.83,,
J1138+0148,174.646057,1.807455,-0.281,0.048,0.861,0.703,0.256463239,-1.9392,1.0058,1.928017499,19.99324,19.68627,19.745928,19.511995,1.32,0.578,2QZ
J1138+0314,174.515571,3.249472,2.077,-1.086,1.069,0.972,1.622182545,-2.448,0.9703,2.522931052,19.890562,19.280033,19.102541,18.898882,0.25,2.445,DR16Q
J1143+0154,175.79561,1.915585,,,,,,,,,20.502254,19.159273,18.492586,18.175411,0.11,,
J1143+0154,175.795424,1.915338,,,,,,,,,19.973019,18.944323,18.488022,18.24731,0.08,,
J1149-0201,177.464363,-2.021261,-0.439,-2.369,1.447,0.78,1.465673481,0.7398,1.2929,0.572202026,21.660498,20.717974,20.332407,20.187456,0.08,,
J1149-0201,177.463858,-2.021459,-0.439,-2.369,1.447,0.78,1.465673481,0.7398,1.2929,0.572202026,21.709297,20.53079,19.866184,19.545763,0.15,,
J1149-0233,177.385076,-2.556872,-0.065,-0.203,0.451,0.241,0.416840193,0.7493,0.3466,2.16185805,19.955395,19.791538,19.608656,19.550953,0.02,,
J1149-0233,177.384641,-2.556375,-0.065,-0.203,0.451,0.241,0.416840193,0.7493,0.3466,2.16185805,20.347586,19.41347,19.102367,18.974703,0.03,,
J1151+0229,177.752851,2.483407,-1.325,0.601,1.34,0.738,0.951068965,-1.0678,0.9141,1.168143529,20.505169,20.081312,19.900198,19.806192,0.28,,
J1151+0229,177.753118,2.483732,-1.325,0.601,1.34,0.738,0.951068965,-1.0678,0.9141,1.168143529,21.696676,20.87096,20.391447,20.225933,0.08,,
J1151-0038,177.906487,-0.642898,,,,,,,,,22.432898,21.42689,20.551008,20.149984,0.26,,
J1151-0038,177.906751,-0.642537,,,,,,,,,22.667425,21.67823,20.66292,20.252672,0.55,,
J1158+0010,179.741379,0.168922,,,,,,,,,20.168875,19.528193,19.232916,19.069986,0.16,,
J1158+0010,179.740798,0.168728,,,,,,,,,20.287863,19.486753,19.144281,18.961157,0.2,,
J1159+0237,179.866254,2.617053,2.251,-2.288,2.201,0.827,1.365094239,0.4999,1.6252,0.307592912,21.18402,21.031164,20.64682,20.595528,0.34,,
J1159+0237,179.865945,2.617193,2.251,-2.288,2.201,0.827,1.365094239,0.4999,1.6252,0.307592912,21.288689,20.597475,20.258242,20.162088,0.15,,
J1159-0002,179.856524,-0.039363,0.519,-0.154,1.621,1.349,0.256705824,0.1538,1.5157,0.101471267,21.200256,20.39725,20.134192,19.817495,0.68,0.422,DESEDR
J1159-0002,179.856203,-0.039111,0.519,-0.154,1.621,1.349,0.256705824,0.1538,1.5157,0.101471267,21.712038,21.104404,20.313438,19.954597,0.27,,
J1159-0041,179.934361,-0.698157,,,,,,,,,21.490494,20.61636,20.206373,20.043036,0.02,,
J1159-0041,179.934141,-0.69788,,,,,,,,,21.770844,21.009285,20.309027,20.074068,0.23,,
J1200-0337,180.211379,-3.620052,0.463,-0.687,0.988,0.928,0.611189206,-2.8366,1.0897,2.603101771,23.165445,21.200249,19.74918,19.222742,0.39,,
J1200-0337,180.211701,-3.619971,0.463,-0.687,0.988,0.928,0.611189206,-2.8366,1.0897,2.603101771,23.742579,21.166101,19.799759,19.349052,0.22,,
J1201+0239,180.287921,2.664687,,,,,,,,,23.490278,22.58247,21.38453,20.900314,0.54,,
J1201+0239,180.287148,2.664771,,,,,,,,,23.151476,22.555023,21.332542,20.78598,0.61,,
J1201+0239,180.287444,2.664622,,,,,,,,,23.380703,22.259531,20.691069,20.02178,0.57,,
J1201+0331,180.412778,3.525288,-20.364,-8.306,1.218,0.48,16.7990314,-0.4436,0.764,0.580628272,23.457853,21.218243,20.103096,19.682518,0.42,,
J1201+0331,180.412947,3.525746,-20.364,-8.306,1.218,0.48,16.7990314,-0.4436,0.764,0.580628272,24.808012,22.552898,21.066252,20.332472,0.58,,
J1203+0103,180.873511,1.066039,,,,,,,,,22.057482,20.890938,20.339664,20.16594,0.13,,
J1203+0103,180.87306,1.066056,,,,,,,,,22.244438,21.286743,20.303865,19.903017,0.33,,
J1204+0009,181.177946,0.158047,-44.357,-6.401,0.791,0.463,48.89732565,1.9138,0.8305,2.304394943,24.672663,21.61239,20.191362,19.555908,0.22,,
J1204+0009,181.177458,0.158236,-44.357,-6.401,0.791,0.463,48.89732565,1.9138,0.8305,2.304394943,23.644314,21.501665,20.17466,19.75907,0.29,,
J1208+0035,182.187136,0.589636,-9.155,2.212,0.31,0.18,26.2740672,0.7378,0.2831,2.606146238,21.788868,20.660587,19.797684,19.434841,0.28,,
J1208+0035,182.186687,0.589305,-9.155,2.212,0.31,0.18,26.2740672,0.7378,0.2831,2.606146238,20.734339,19.180023,18.544632,18.341656,0.08,,
J1209+0349,182.269979,3.829186,,,,,,,,,21.58034,21.359362,21.106146,20.898766,0.85,,
J1209+0349,182.269638,3.829278,,,,,,,,,22.082323,21.392551,21.116165,20.982985,0.02,,
J1212+0145,183.108197,1.759542,,,,,,,,,23.083029,21.141363,19.850191,19.375534,0.3,,
J1212+0145,183.107871,1.759234,,,,,,,,,22.45055,20.564089,19.38809,18.988028,0.21,,
J1214+0102,183.521323,1.035299,-0.55,-0.074,0.882,0.489,0.550285859,0.877,0.5749,1.525482693,20.205994,19.586273,19.491804,19.306047,2.29,,
J1214+0102,183.521406,1.034719,-0.55,-0.074,0.882,0.489,0.550285859,0.877,0.5749,1.525482693,19.61375,19.657463,19.439922,19.482456,1.32,0.492,DESEDR
J1217+0321,184.277378,3.365464,,,,,,,,,20.418793,19.332926,18.8942,18.759134,0.01,,
J1217+0321,184.276901,3.365415,,,,,,,,,21.417921,19.943224,19.064993,18.686745,0.13,,
J1217-0256,184.290254,-2.939312,0.404,0.101,0.434,0.344,0.751959777,0.0987,0.4707,0.209687699,20.10666,19.832714,19.371744,19.046955,0.28,1.465,2QZ
J1217-0256,184.290665,-2.939569,0.404,0.101,0.434,0.344,0.751959777,0.0987,0.4707,0.209687699,20.500494,19.96958,19.464464,19.222904,0.27,,
J1221-0133,185.367827,-1.563237,-3.206,-3.453,0.683,0.509,5.531627387,0.3101,0.5082,0.610192837,21.262547,20.397236,20.058523,19.977201,0.14,,
J1221-0133,185.367979,-1.562699,-3.206,-3.453,0.683,0.509,5.531627387,0.3101,0.5082,0.610192837,22.275906,21.60738,20.834888,20.627617,0.27,,
J1222+0236,185.651975,2.613697,,,,,,,,,21.232138,21.118797,20.853006,20.71753,0.28,,
J1222+0236,185.65227,2.613538,,,,,,,,,21.703238,21.17316,20.933182,20.777704,0.19,,
J1224+0050,186.233403,0.846681,,,,,,,,,18.068367,21.289253,19.774448,18.492617,0.43,,
J1226-0006,186.533437,-0.100639,0.316,-0.527,0.204,0.158,2.381417118,-0.0476,0.1975,0.241012658,19.333149,18.838516,18.279463,18.157406,0.19,1.127,DR16Q
J1226-0006,186.533757,-0.100654,0.316,-0.527,0.204,0.158,2.381417118,-0.0476,0.1975,0.241012658,19.475399,19.13701,18.5875,18.395058,0.45,,
J1227+0019,186.989294,0.323332,-2.993,-0.989,1.581,1.101,1.636136171,-0.0417,1.2697,0.032842404,21.605932,20.65134,20.397974,20.286312,0.14,,
J1227+0019,186.989626,0.323763,-2.993,-0.989,1.581,1.101,1.636136171,-0.0417,1.2697,0.032842404,21.163961,20.335707,20.076567,19.865395,0.08,,
J1229-0122,187.444357,-1.371475,,,,,,,,,20.74831,19.780764,19.556856,19.483421,0.03,,
J1229-0122,187.444829,-1.371471,,,,,,,,,20.25405,19.222906,18.844154,18.663677,0.12,,
J1231-0102,187.910952,-1.042703,0.078,0.139,0.941,1.025,0.114549984,-0.7704,1.1424,0.674369748,20.668701,20.1529,19.931484,19.893965,0.28,,
J1231-0102,187.910771,-1.043216,0.078,0.139,0.941,1.025,0.114549984,-0.7704,1.1424,0.674369748,19.707764,18.808056,18.421251,18.308271,0.01,,
J1233-0227,188.422024,-2.46063,-1.164,-0.011,0.807,0.53,1.205673465,0.807,0.7236,1.115257048,20.66897,20.71258,19.871822,19.321833,0.8,1.598,LEMON4
J1233-0227,188.421791,-2.460272,-1.164,-0.011,0.807,0.53,1.205673465,0.807,0.7236,1.115257048,20.868044,20.647907,19.538773,19.00698,0.6,1.598,LEMON4
J1234+0224,188.73532,2.407038,-2.678,-4.735,0.558,0.399,7.930063784,-0.0651,0.4876,0.133511075,22.19088,20.542664,19.579845,19.14739,0.13,,
J1234+0224,188.735489,2.407392,-2.678,-4.735,0.558,0.399,7.930063784,-0.0651,0.4876,0.133511075,22.263237,20.273201,19.227589,18.82302,0.1,,
J1238+0105,189.590344,1.088518,-0.293,-0.573,0.301,0.245,1.658225318,0.0991,0.2546,0.38923802,22.608818,19.164606,18.746008,18.541544,3.08,3.159,DR16Q
J1239+0146,189.820362,1.781555,-0.128,0.141,0.488,0.485,0.276785882,-0.8973,0.356,2.520505618,21.446861,20.7026,20.363146,20.122583,0.28,,
J1239+0146,189.82077,1.781773,-0.128,0.141,0.488,0.485,0.276785882,-0.8973,0.356,2.520505618,19.905825,19.447226,19.158472,18.941404,0.28,2.123,DR16Q
J1244+0106,191.213636,1.112451,,,,,,,,,20.87149,20.670397,20.051287,19.612331,0.66,,
J1244+0106,191.21402,1.111979,,,,,,,,,21.587114,20.76065,19.38822,18.789286,0.62,,
J1245-0250,191.367137,-2.842317,,,,,,,,,24.357412,22.299547,20.867357,20.393398,0.33,,
J1245-0250,191.367366,-2.841972,,,,,,,,,25.282864,22.226807,20.98226,20.545527,0.51,,
J1247-0004,191.776003,-0.07569,,,,,,,,,21.946613,21.461555,21.039047,20.733543,0.28,,
J1247-0004,191.775658,-0.075615,,,,,,,,,21.430666,21.01997,20.844313,20.656027,0.13,,
J1248+0102,192.056822,1.046586,,,,,,,,,20.984138,19.589144,18.886072,18.614212,0.04,,
J1248+0102,192.056867,1.047049,,,,,,,,,19.44638,18.457724,18.128529,18.019579,0.03,,
J1248+0111,192.167846,1.187993,,,,,,,,,21.121855,20.32756,19.301224,18.833578,0.63,,
J1248+0111,192.167708,1.188455,,,,,,,,,22.19301,20.974995,20.123493,19.823332,0.27,,
J1249-0105,192.290875,-1.098959,,,,,,,,,20.921783,18.84514,17.916054,17.548532,0.13,,
J1249-0105,192.291017,-1.098534,,,,,,,,,20.585829,18.594753,17.584637,17.190825,0.19,,
J1251+0311,192.924672,3.194716,-0.084,-0.097,0.403,0.318,0.249955884,0.3912,0.2726,1.435069699,19.310974,19.29291,18.95258,19.040403,0.02,1.225,DR16Q
J1251+0311,192.924686,3.195173,-0.084,-0.097,0.403,0.318,0.249955884,0.3912,0.2726,1.435069699,21.083141,20.305277,19.86063,19.936192,0.24,,
J1251-0344,192.980666,-3.746687,-2.709,0.505,0.746,0.336,3.368062506,0.5638,0.4107,1.372778184,21.044403,19.268927,18.364613,18.00563,0.02,,
J1251-0344,192.980953,-3.746933,-2.709,0.505,0.746,0.336,3.368062506,0.5638,0.4107,1.372778184,20.106615,18.360727,17.617899,17.378597,0.01,,
J1251-0347,192.769614,-3.785798,-8.546,-1.399,0.344,0.422,15.90566162,0.1756,0.2875,0.610782609,19.923155,17.994694,17.162376,16.917233,0.05,,
J1251-0347,192.769197,-3.785873,-8.546,-1.399,0.344,0.422,15.90566162,0.1756,0.2875,0.610782609,20.004698,18.0426,17.178108,16.842863,0.06,,
J1252+0200,193.107207,1.999705,0.117,0.732,0.865,0.792,0.632063082,0.2526,0.7134,0.354079058,20.801844,19.898512,19.503626,19.372099,0.02,,
J1252+0200,193.107277,2.000253,0.117,0.732,0.865,0.792,0.632063082,0.2526,0.7134,0.354079058,20.230522,20.360403,20.0987,20.154577,0.02,,
J1256-0353,194.138584,-3.891131,4.584,-11.794,0.585,0.457,17.04536446,-0.2654,0.4787,0.554418216,22.322931,20.956013,20.310362,20.009329,0.14,,
J1256-0353,194.138776,-3.890525,4.584,-11.794,0.585,0.457,17.04536446,-0.2654,0.4787,0.554418216,21.24139,20.08179,19.62475,19.456118,0.03,,
J1301-0305,195.42765,-3.087959,6.123,-9.147,0.879,0.497,10.90063527,0.8252,0.5836,1.41398218,20.011446,19.856697,19.61836,19.529099,0.02,,
J1301-0305,195.427369,-3.087755,6.123,-9.147,0.879,0.497,10.90063527,0.8252,0.5836,1.41398218,19.221365,19.336262,19.548607,19.638948,0.03,,
J1306-0213,196.596831,-2.219184,-0.433,0.568,0.86,0.678,0.652187057,0.1322,0.7579,0.174429344,20.853079,20.46663,20.131306,20.00419,0.12,,
J1306-0213,196.596421,-2.218738,-0.433,0.568,0.86,0.678,0.652187057,0.1322,0.7579,0.174429344,21.42127,21.027117,20.5326,20.2448,0.28,,
J1308-0236,197.226034,-2.603966,0.272,-0.274,0.603,0.392,0.536810069,-0.9144,0.5315,1.720413923,21.16786,20.422201,19.947306,19.715506,0.13,,
J1308-0236,197.226282,-2.603611,0.272,-0.274,0.603,0.392,0.536810069,-0.9144,0.5315,1.720413923,20.233994,20.023315,19.855343,19.552898,0.88,0.929,DR16Q
J1315+0335,198.798138,3.592282,-5.261,-0.757,2.015,2.381,1.704023196,1.8973,1.3393,1.416635556,22.014185,20.971607,20.54277,20.373434,0.04,,
J1315+0335,198.797937,3.592657,-5.261,-0.757,2.015,2.381,1.704023196,1.8973,1.3393,1.416635556,22.790695,21.693375,21.141445,21.010372,0.09,,
J1316+0208,199.048882,2.147036,-1.143,0.352,0.442,0.357,2.104970955,-0.4354,0.3127,1.392388871,19.308323,19.092604,18.824808,18.693773,0.31,,
J1316+0208,199.048389,2.147054,-1.143,0.352,0.442,0.357,2.104970955,-0.4354,0.3127,1.392388871,18.685822,17.897203,17.588419,17.556896,0.01,,
J1317+0244,199.439714,2.735089,8.038,0.178,0.524,0.378,12.44362827,1.9938,0.3739,5.332441829,23.075153,20.274397,18.808952,17.808723,0.53,,
J1317+0244,199.439493,2.735203,8.038,0.178,0.524,0.378,12.44362827,1.9938,0.3739,5.332441829,22.705967,20.094007,18.612673,17.507986,0.52,,
J1317-0014,199.345982,-0.246367,,,,,,,,,20.288277,19.699482,19.373655,19.04283,0.19,,
J1317-0014,199.345813,-0.246377,,,,,,,,,20.113077,19.584538,19.305487,18.965557,0.19,,
J1318-0311,199.655797,-3.195142,,,,,,,,,24.314533,22.155859,20.806519,20.187725,0.59,,
J1318-0311,199.655958,-3.194822,,,,,,,,,24.018473,22.018898,20.696531,20.188335,0.23,,
J1321+0333,200.28825,3.554056,1.713,-0.259,1.665,1.009,0.889873799,-0.453,0.8384,0.540314885,21.06455,20.389235,20.544792,20.695412,0.06,,
J1321+0333,200.288526,3.554462,1.713,-0.259,1.665,1.009,0.889873799,-0.453,0.8384,0.540314885,22.298298,21.40322,21.178328,21.093952,0.05,,
J1324-0309,201.235192,-3.151774,-5.631,-2.967,0.48,0.283,11.42259326,-0.2269,0.3723,0.609454741,20.66476,19.691885,19.453041,19.363811,0.14,,
J1324-0309,201.234837,-3.151399,-5.631,-2.967,0.48,0.283,11.42259326,-0.2269,0.3723,0.609454741,20.61733,20.006575,19.90339,19.746584,0.14,,
J1327-0125,201.886395,-1.427138,,,,,,,,,21.272764,20.76484,20.42735,20.245533,0.19,,
J1327-0125,201.886554,-1.426652,,,,,,,,,21.85397,21.057468,20.58981,20.323572,0.17,,
J1328-0338,202.217161,-3.64377,-2.672,-8.566,0.32,0.135,25.83582122,0.2924,0.2266,1.290379523,19.892504,19.033356,18.712934,18.579565,0.03,,
J1328-0338,202.217552,-3.64418,-2.672,-8.566,0.32,0.135,25.83582122,0.2924,0.2266,1.290379523,20.913141,19.863588,19.298595,19.031616,0.16,,
J1329+0127,202.300333,1.45781,-1.034,0.565,1.191,0.534,0.90274647,-0.0462,0.7454,0.061980145,21.966068,21.17416,20.919918,20.712965,0.11,,
J1329+0127,202.300458,1.458171,-1.034,0.565,1.191,0.534,0.90274647,-0.0462,0.7454,0.061980145,20.938356,20.439648,20.438087,20.302029,0.09,,
J1332+0347,203.094382,3.794446,,,,,,,,,18.413319,19.98237,19.275377,18.560987,0.24,,
J1334+0119,203.520941,1.323292,,,,,,,,,22.538483,21.59945,21.054142,20.834442,0.14,,
J1334+0119,203.520637,1.323345,,,,,,,,,22.384176,21.54508,20.782873,20.539738,0.27,,
J1334-0120,203.546474,-1.348115,0.88,0.559,1.676,0.638,0.581341903,1.6656,1.0076,1.653036919,20.14618,19.909487,19.930962,19.820837,0.02,,
J1334-0120,203.546592,-1.347848,0.88,0.559,1.676,0.638,0.581341903,1.6656,1.0076,1.653036919,20.06566,19.795898,19.891129,19.688908,0.03,1.0508,2QZ
J1335+0010,203.997512,0.175269,-9.85,9.742,0.2,0.109,60.82277119,0.6383,0.1759,3.628766345,22.590574,20.19187,18.797804,18.225393,0.4,,
J1335+0010,203.997078,0.175601,-9.85,9.742,0.2,0.109,60.82277119,0.6383,0.1759,3.628766345,21.925697,19.480566,18.2307,17.725597,0.18,,
J1335+0118,203.894979,1.301553,-0.117,-0.002,0.187,0.105,0.545630594,-0.0339,0.171,0.198245614,18.243137,17.978569,18.046465,17.757008,0.08,1.569,DR16Q
J1335+0118,203.895263,1.301229,-0.117,-0.002,0.187,0.105,0.545630594,-0.0339,0.171,0.198245614,19.153584,18.86732,18.847385,18.523859,0.88,,
J1335+0126,203.930137,1.43482,,,,,,,,,22.488037,21.472092,21.088425,20.920927,0.07,,
J1335+0126,203.930643,1.43436,,,,,,,,,22.219082,20.690935,19.511251,19.061222,0.33,,
J1337-0225,204.341635,-2.419643,-0.357,-0.286,0.617,0.35,0.644854857,-1.1099,0.5448,2.03726138,19.777977,19.301609,19.261936,19.072851,0.1,,
J1337-0225,204.341104,-2.420078,-0.357,-0.286,0.617,0.35,0.644854857,-1.1099,0.5448,2.03726138,20.837864,19.833431,19.340557,19.149519,0.01,,
J1340-0334,205.078184,-3.573307,,,,,,,,,21.65966,20.991549,20.87506,20.575277,1.23,,
J1340-0334,205.078374,-3.573824,,,,,,,,,20.461435,19.64701,19.421186,19.380157,0.18,,
J1345-0356,206.345077,-3.946936,,,,,,,,,21.517714,20.939678,21.01045,20.661293,0.03,,
J1345-0356,206.34463,-3.946901,,,,,,,,,22.18579,21.486332,21.22211,20.9848,0.03,,
J1347-0338,206.754271,-3.636993,-7.31,-1.081,0.412,0.257,15.2177135,-0.2784,0.3336,0.834532374,21.609655,20.914034,20.414618,20.17928,0.17,,
J1347-0338,206.753987,-3.63725,-7.31,-1.081,0.412,0.257,15.2177135,-0.2784,0.3336,0.834532374,20.326687,19.485817,19.122911,18.986746,0.04,,
J1348+0342,207.125987,3.712389,,,,,,,,,22.103987,21.370987,20.99213,20.631737,0.08,,
J1348+0342,207.125739,3.712711,,,,,,,,,21.224993,20.896795,20.69188,20.337635,0.93,,
J1349+0358,207.287112,3.975524,-3.343,-6.498,0.439,0.314,13.53899111,1.0389,0.4807,2.161223216,21.908194,20.438927,19.63207,19.266409,0.01,,
J1349+0358,207.287492,3.975636,-3.343,-6.498,0.439,0.314,13.53899111,1.0389,0.4807,2.161223216,22.106953,21.279085,20.40083,20.123753,0.31,,
J1349-0156,207.460395,-1.945942,-0.677,-0.727,0.668,0.533,1.16244608,-0.5642,0.6676,0.845116836,21.340172,20.560276,19.981657,19.562305,0.69,,
J1349-0156,207.460716,-1.945714,-0.677,-0.727,0.668,0.533,1.16244608,-0.5642,0.6676,0.845116836,22.215551,20.789915,19.850792,19.415478,0.08,,
J1352-0357,208.249592,-3.955175,2.497,-2.357,0.36,0.213,8.208896556,0.572,0.2447,2.337556191,22.285671,19.820066,18.74559,18.41572,0.04,,
J1352-0357,208.249187,-3.955123,2.497,-2.357,0.36,0.213,8.208896556,0.572,0.2447,2.337556191,22.107275,20.010475,19.068974,18.723534,0.11,,
J1355-0127,208.980155,-1.466371,,,,,,,,,21.029083,19.89343,19.044268,18.583967,0.27,,
J1355-0127,208.980581,-1.465978,,,,,,,,,20.084284,19.124453,18.63386,18.420174,0.01,,
J1406-0112,211.593806,-1.208626,0.361,-0.164,0.366,0.266,0.876351031,0.2035,0.2875,0.707826087,20.812977,20.005264,19.540728,19.343876,0.14,1.155,DR16Q
J1406-0112,211.593494,-1.20856,0.361,-0.164,0.366,0.266,0.876351031,0.2035,0.2875,0.707826087,20.30341,19.640009,19.019577,18.78695,0.26,,
J1409-0246,212.484724,-2.767358,-0.044,-0.165,0.136,0.101,1.008052051,-0.1316,0.1156,1.138408304,19.545935,19.200735,18.799719,18.706545,0.41,1.268,DR16Q
J1409-0246,212.484672,-2.7678,-0.044,-0.165,0.136,0.101,1.008052051,-0.1316,0.1156,1.138408304,17.798754,17.849918,17.603828,17.502874,0.04,,
J1411+0003,212.811052,0.064261,-1.552,-3.728,0.865,0.682,3.665979336,-1.0384,0.6505,1.59631053,21.186708,20.309479,19.982239,19.893063,0.03,,
J1411+0003,212.81056,0.06459,-1.552,-3.728,0.865,0.682,3.665979336,-1.0384,0.6505,1.59631053,21.408705,20.469694,19.936584,19.659529,0.13,,
J1411+0308,212.752072,3.135015,1.466,-8.111,0.502,0.39,12.96606315,0.9007,0.3991,2.256827863,22.126005,20.057545,18.830359,18.419685,0.2,,
J1411+0308,212.751699,3.135093,1.466,-8.111,0.502,0.39,12.96606315,0.9007,0.3991,2.256827863,22.157019,19.983913,18.739449,18.299152,0.16,,
J1421-0241,215.483815,-2.691293,,,,,,,,,21.145514,20.67615,20.003492,19.838068,0.33,,
J1421-0241,215.484128,-2.690817,,,,,,,,,21.481867,20.968699,20.283785,20.068949,0.25,,
J1423-0158,215.821112,-1.974874,-0.045,-0.12,0.575,0.386,0.18505618,-0.7988,0.4163,1.918808552,20.590605,19.713316,19.638283,19.422314,0.28,2.277,DESEDR
J1423-0158,215.821115,-1.974843,-0.045,-0.12,0.575,0.386,0.18505618,-0.7988,0.4163,1.918808552,20.716177,19.807926,19.658836,19.442417,0.73,,
J1426+0315,216.726913,3.264651,-0.674,-0.047,0.758,0.941,0.559152325,-0.7411,0.781,0.948911652,20.035568,19.910444,19.800636,19.74738,0.12,,
J1426+0315,216.726355,3.26451,-0.674,-0.047,0.758,0.941,0.559152325,-0.7411,0.781,0.948911652,19.815187,18.898956,18.629496,18.50986,0.03,1.937,DESEDR
J1427-0132,216.996052,-1.544654,0.419,-0.238,1.083,1.239,0.292826685,-0.1891,0.7707,0.24536136,20.483002,19.967024,19.692009,19.688076,0.16,2.635,DESEDR
J1427-0132,216.996453,-1.544628,0.419,-0.238,1.083,1.239,0.292826685,-0.1891,0.7707,0.24536136,21.09707,19.956041,19.460194,19.27166,0.01,,
J1428+0108,217.243874,1.14946,0.636,0.164,0.989,0.981,0.471499498,-1.9285,1.2049,1.600547763,20.997225,20.62016,20.03999,19.878754,0.37,,
J1428+0108,217.244016,1.149777,0.636,0.164,0.989,0.981,0.471499498,-1.9285,1.2049,1.600547763,21.827782,20.918758,20.289389,20.103724,0.11,,
J1433+0037,218.309434,0.621743,-0.032,-0.209,0.592,0.612,0.248317113,1.2599,0.6123,2.057651478,21.984919,20.995983,20.746138,20.125858,0.1,,
J1433+0037,218.309363,0.622034,-0.032,-0.209,0.592,0.612,0.248317113,1.2599,0.6123,2.057651478,20.797575,19.906858,19.94382,19.377602,0.14,,
J1438-0155,219.595955,-1.933234,0.301,0.266,0.338,0.312,0.873269694,0.3639,0.3243,1.122109158,21.15004,20.184662,19.803226,19.711802,0.03,3.568,DR16Q
J1438-0155,219.595955,-1.933209,0.301,0.266,0.338,0.312,0.873269694,0.3639,0.3243,1.122109158,21.094229,20.170925,19.798794,19.702913,0.08,,
J1440-0304,220.13361,-3.079112,,,,,,,,,21.504755,19.821796,19.060633,18.782349,0.07,,
J1440-0304,220.133282,-3.07891,,,,,,,,,21.50602,19.556099,18.798634,18.533365,0.01,,
J1441+0237,220.437907,2.628693,-0.119,0.451,0.297,0.236,1.229570909,-0.1144,0.2727,0.419508618,19.252876,19.051052,18.861317,19.007896,0.04,1.162,DR16Q
J1441+0237,220.437921,2.629179,-0.119,0.451,0.297,0.236,1.229570909,-0.1144,0.2727,0.419508618,20.380293,19.571396,19.263065,19.160135,0.04,,
J1441-0118,220.314302,-1.30937,,,,,,,,,20.917221,20.521414,20.526579,20.218754,0.04,1.812,DESEDR
J1441-0118,220.313877,-1.30951,,,,,,,,,20.378405,19.584517,19.460573,19.516062,0.03,,
J1441-0146,220.41475,-1.780205,,,,,,,,,22.342226,20.2527,18.99782,18.429857,0.18,,
J1441-0146,220.415145,-1.779701,,,,,,,,,21.938332,20.311321,19.08792,18.626825,0.28,,
J1442-0121,220.738651,-1.356009,0.656,-0.306,0.413,0.322,1.382223736,-0.2265,0.3326,0.680998196,22.471485,20.933834,20.45923,20.130167,0.12,,
J1442-0121,220.738347,-1.355742,0.656,-0.306,0.413,0.322,1.382223736,-0.2265,0.3326,0.680998196,21.130508,19.855602,19.408968,19.202383,0.03,,
J1444-0356,221.082501,-3.942053,-2.591,0.099,1.683,1.164,1.267105446,-1.4271,1.2707,1.123081766,22.054762,21.033773,20.247944,19.87135,0.22,,
J1444-0356,221.082876,-3.942085,-2.591,0.099,1.683,1.164,1.267105446,-1.4271,1.2707,1.123081766,21.89357,20.741692,20.09813,19.797096,0.16,,
J1445-0101,221.422843,-1.020653,,,,,,,,,21.153246,19.633732,18.818657,18.447845,0.1,,
J1446-0146,221.675877,-1.782591,,,,,,,,,21.00225,19.979086,19.835352,19.780905,0.03,,
J1446-0146,221.676368,-1.78305,,,,,,,,,21.07214,20.03559,19.35,19.026474,0.16,,
J1446-0344,221.552797,-3.73619,-4.652,-10.006,0.166,0.133,51.87630757,0.4239,0.1473,2.877800407,20.481825,18.374863,17.435125,17.08861,0.07,,
J1446-0344,221.552725,-3.736399,-4.652,-10.006,0.166,0.133,51.87630757,0.4239,0.1473,2.877800407,20.677113,18.537718,17.569395,17.214716,0.07,,
J1450-0027,222.539269,-0.461881,-10.332,0.057,0.376,0.311,21.17454294,0.0568,0.3246,0.174984596,21.531221,20.626463,20.077053,19.760324,0.18,,
J1450-0027,222.539655,-0.462166,-10.332,0.057,0.376,0.311,21.17454294,0.0568,0.3246,0.174984596,20.72753,19.550348,19.0246,18.82372,0.05,,
J1458-0348,224.69712,-3.810662,0.307,-1.362,0.851,0.743,1.235864007,-0.1201,0.661,0.181694402,20.626186,20.0666,19.786272,19.736206,0.25,,
J1458-0348,224.697097,-3.810102,0.307,-1.362,0.851,0.743,1.235864007,-0.1201,0.661,0.181694402,21.807875,20.48576,19.895945,19.675951,0.12,,
J1459-0331,224.843069,-3.522301,,,,,,,,,19.076946,18.615917,18.401999,18.217901,0.04,,
J1508-0006,227.10097,-0.101002,0.055,-0.373,0.448,0.389,0.635466687,0.0126,0.3883,0.032449137,20.126524,19.412525,19.056059,18.786573,0.14,1.579,DR16Q
J1512+0010,228.053413,0.167914,-9.55,3.602,0.446,0.41,16.84780101,0.7407,0.4153,1.783529978,22.127953,20.043364,18.984898,18.63464,0.1,,
J1512+0142,228.052533,1.703437,-2.132,-5.7,0.509,0.505,8.487549581,0.1532,0.4286,0.357442837,22.34977,21.694798,21.25706,20.925137,1.1,,
J1512+0142,228.052025,1.703819,-2.132,-5.7,0.509,0.505,8.487549581,0.1532,0.4286,0.357442837,21.104027,20.08519,19.661865,19.429783,0.08,,
J1518+0056,229.673432,0.935825,-3.938,-8.87,0.424,0.369,17.26593239,-0.311,0.4251,0.731592566,20.0036,19.437584,19.204529,19.118185,0.04,,
J1518+0149,229.556199,1.822774,,,,,,,,,21.306791,20.619392,19.99964,19.85441,0.25,,
J1518+0149,229.556455,1.822955,,,,,,,,,21.244179,20.284342,19.752094,19.573399,0.07,,
J1519-0033,229.773716,-0.556617,,,,,,,,,20.938976,19.84709,19.35772,19.051315,0.11,,
J1519-0033,229.7735,-0.556535,,,,,,,,,20.789873,19.665144,19.146456,18.872244,0.12,,
J1524+0132,231.089579,1.546505,0.271,-0.686,1.014,1.175,0.47523887,-0.1187,1.26,0.094206349,21.787962,20.940477,20.70078,20.565199,0.2,,
J1524+0132,231.090062,1.546683,0.271,-0.686,1.014,1.175,0.47523887,-0.1187,1.26,0.094206349,21.131489,20.739645,20.501747,20.348593,0.28,,
J1525+0152,231.318153,1.870331,-2.857,-6.095,0.427,0.344,12.27616331,-0.0445,0.3615,0.123098202,21.06726,19.7386,19.207062,19.042547,0.06,,
J1525+0152,231.317643,1.8709,-2.857,-6.095,0.427,0.344,12.27616331,-0.0445,0.3615,0.123098202,22.396591,20.67839,19.805752,19.454327,0.1,,
J1525-0018,231.458481,-0.310872,,,,,,,,,22.391022,21.278126,20.820164,20.646202,0.1,,
J1525-0018,231.458733,-0.310531,,,,,,,,,22.669853,21.12236,20.509504,20.358574,0.14,,
J1526+0148,231.605197,1.816268,-0.049,0.109,0.494,0.457,0.177582656,-0.8443,0.6296,1.341010165,20.94765,20.03341,19.69223,19.558723,0.04,2.999,DR16Q
J1526+0148,231.605786,1.816114,-0.049,0.109,0.494,0.457,0.177582656,-0.8443,0.6296,1.341010165,21.537462,19.818123,19.573406,19.479427,0.08,,
J1526+0151,231.630473,1.850901,-0.18,0.182,0.416,0.329,0.482633708,0.5614,0.4076,1.377330716,21.391869,19.240856,19.051517,18.997095,2.92,,
J1526+0151,231.63078,1.850679,-0.18,0.182,0.416,0.329,0.482633708,0.5614,0.4076,1.377330716,21.180065,19.83556,19.587831,19.544945,0.08,3.17,DR16Q
J1527+0141,231.834453,1.694697,,,,,,,,,19.882063,21.625534,20.720453,19.829012,0.28,,
J1527+0141,231.833903,1.694339,,,,,,,,,18.639423,19.280846,18.968863,18.53579,0.18,,
J1530-0133,232.576208,-1.55725,,,,,,,,,22.576433,21.319641,20.620472,20.356485,0.22,,
J1530-0133,232.575914,-1.557543,,,,,,,,,21.429634,20.683477,19.953426,19.720625,0.3,,
J1534-0156,233.714358,-1.939243,-1.117,-1.723,1.078,0.926,1.444918825,1.2053,0.9516,1.266603615,20.661892,19.751251,19.434845,19.331999,0.04,,
J1534-0156,233.714625,-1.938715,-1.117,-1.723,1.078,0.926,1.444918825,1.2053,0.9516,1.266603615,20.191824,20.223324,19.777029,19.951517,0.18,,
J1535-0114,233.775612,-1.239932,-0.229,0.091,0.335,0.288,0.557786007,-0.1269,0.2761,0.459616081,19.871578,18.637197,18.090311,17.957998,0.04,,
J1535-0114,233.776187,-1.239968,-0.229,0.091,0.335,0.288,0.557786007,-0.1269,0.2761,0.459616081,19.038782,18.955452,18.227337,18.357466,0.47,,
J1541-0011,235.440598,-0.198068,,,,,,,,,20.027424,18.726439,18.180325,17.999714,0.04,,
J1541-0011,235.440402,-0.198517,,,,,,,,,19.67686,18.865122,18.530256,18.211498,0.12,,
J1541-0151,235.432448,-1.862441,-24.526,-12.634,0.919,0.563,25.59869396,1.1772,0.6759,1.741677763,23.925781,21.713718,20.284878,18.935633,0.63,,
J1541-0151,235.43207,-1.862212,-24.526,-12.634,0.919,0.563,25.59869396,1.1772,0.6759,1.741677763,23.534447,21.842688,20.439539,19.109497,0.6,,
J1543+0106,235.767214,1.107125,-3.059,-9.792,1.868,1.667,4.097477899,-0.0467,1.0863,0.042989966,24.07656,21.49651,20.417458,20.014482,0.46,,
J1543+0106,235.767601,1.107603,-3.059,-9.792,1.868,1.667,4.097477899,-0.0467,1.0863,0.042989966,23.859838,22.155031,20.93677,20.239555,0.67,,
J1543-0101,235.793861,-1.033047,-0.503,-0.057,0.602,0.483,0.655884651,0.0846,0.6183,0.136826783,20.545954,19.592825,19.197803,19.10801,0.02,,
J1543-0101,235.793476,-1.033004,-0.503,-0.057,0.602,0.483,0.655884651,0.0846,0.6183,0.136826783,20.602667,19.917496,19.766525,19.573532,0.28,,
J1545+0141,236.425153,1.698791,-4.907,0.149,0.701,0.571,5.429848419,-1.1289,0.5473,2.062671295,23.830215,21.975386,20.644632,20.151157,0.5,,
J1545+0141,236.424787,1.699012,-4.907,0.149,0.701,0.571,5.429848419,-1.1289,0.5473,2.062671295,23.638336,21.071638,19.866457,19.423256,0.13,,
J1545-0014,236.354996,-0.23382,,,,,,,,,19.879824,18.617674,17.958355,17.638063,0.01,,
J1545-0014,236.355252,-0.233547,,,,,,,,,19.03142,17.838894,17.305481,17.087896,0.06,,
J2200-3141,330.125145,-31.689329,0.088,1.488,1.463,1.431,0.728368247,1.6689,1.6174,1.031841227,21.161121,21.055326,20.672613,20.6792,0.31,,
J2200-3141,330.124799,-31.688875,0.088,1.488,1.463,1.431,0.728368247,1.6689,1.6174,1.031841227,20.25316,20.080988,19.706057,19.780666,0.33,,
J2201-3106,330.343254,-31.114535,,,,,,,,,21.537611,20.154919,19.47352,19.222769,0.17,,
J2201-3106,330.343255,-31.115105,,,,,,,,,22.606728,20.643496,19.415323,18.943178,0.31,,
J2201-3254,330.375776,-32.905347,1.046,2.184,0.809,0.923,1.972987569,0.5703,0.8397,0.679171133,21.061445,20.306772,19.572363,19.179636,0.29,,
J2201-3254,330.375162,-32.905832,1.046,2.184,0.809,0.923,1.972987569,0.5703,0.8397,0.679171133,19.859385,18.594465,18.071678,17.858063,0.05,,
J2205-3127,331.389403,-31.465647,-1.188,-1.917,2.077,2.086,0.766135696,-1.6164,1.6066,1.006099838,22.55063,21.929377,21.372461,21.091497,0.61,,
J2205-3127,331.389045,-31.465574,-1.188,-1.917,2.077,2.086,0.766135696,-1.6164,1.6066,1.006099838,21.642628,20.78894,20.567696,20.468466,0.05,,
J2207-2835,331.999175,-28.587261,3.278,-2.928,0.791,1,3.447217426,0.643,0.7261,0.885552954,21.396818,20.515646,20.177456,20.045307,0.08,,
J2207-2835,331.998641,-28.58709,3.278,-2.928,0.791,1,3.447217426,0.643,0.7261,0.885552954,22.65586,21.689589,20.921408,20.509968,0.23,,
J2207-3001,331.791316,-30.017346,8.079,-5.727,0.164,0.163,42.8282746,0.6631,0.1695,3.912094395,18.703388,18.015926,17.65672,17.348957,0.2,,
J2207-3001,331.791321,-30.016914,8.079,-5.727,0.164,0.163,42.8282746,0.6631,0.1695,3.912094395,18.343212,17.786528,17.341154,17.009937,0.62,,
J2209-2758,332.308421,-27.981534,-1.41,-4.562,0.359,0.375,9.19777266,0.4161,0.3718,1.119150081,21.304289,19.722942,18.816835,18.418098,0.14,,
J2209-2758,332.308803,-27.981401,-1.41,-4.562,0.359,0.375,9.19777266,0.4161,0.3718,1.119150081,21.760143,19.835197,18.899414,18.532328,0.09,,
J2213-2922,333.366371,-29.381498,,,,,,,,,21.49517,21.227592,20.79496,20.547915,0.68,,
J2213-2922,333.366073,-29.381303,,,,,,,,,21.771385,21.522305,20.806128,20.2758,0.85,,
J2214-2937,333.533055,-29.621946,,,,,,,,,21.885466,20.947668,20.616556,20.472992,0.05,,
J2214-2937,333.532705,-29.62182,,,,,,,,,22.359858,21.406935,21.027617,20.837294,0.05,,
J2214-3240,333.619184,-32.671984,-1.288,-5.861,0.629,0.705,6.351388259,0.2235,0.5961,0.374937091,22.241518,21.1516,20.42384,19.925596,0.64,,
J2214-3240,333.618721,-32.672013,-1.288,-5.861,0.629,0.705,6.351388259,0.2235,0.5961,0.374937091,21.412102,20.498558,20.046526,19.85252,0.11,,
J2217-2959,334.407535,-29.990585,-0.968,-6.187,0.405,0.382,11.24828958,0.6439,0.4564,1.410823839,21.737246,21.08465,20.526836,20.361732,0.27,,
J2217-2959,334.407779,-29.990204,-0.968,-6.187,0.405,0.382,11.24828958,0.6439,0.4564,1.410823839,21.000317,20.088905,19.719793,19.5875,0.04,,
J2219-3056,334.935974,-30.933996,-5.155,-18.055,0.381,0.321,37.68877861,-0.5638,0.3756,1.501064963,22.056835,20.144993,19.204765,18.886303,0.08,,
J2219-3056,334.936462,-30.933844,-5.155,-18.055,0.381,0.321,37.68877861,-0.5638,0.3756,1.501064963,21.671568,19.996113,18.980255,18.6072,0.29,,
J2220-2914,335.083492,-29.243453,,,,,,,,,21.016216,19.528126,18.712845,18.422337,0.08,,
J2220-2914,335.083553,-29.243919,,,,,,,,,20.850807,19.676268,19.140251,18.887098,0.12,,
J2220-3415,335.23476,-34.263397,-0.313,-2.567,0.531,0.625,3.15323706,0.1055,0.6567,0.160651744,21.826334,21.182322,20.708572,20.57514,0.28,,
J2220-3415,335.235044,-34.263045,-0.313,-2.567,0.531,0.625,3.15323706,0.1055,0.6567,0.160651744,21.29353,20.47938,20.148586,20.023113,0.03,,
J2224-3345,336.073063,-33.759293,-0.596,0.117,0.582,0.522,0.776895768,0.1797,0.6669,0.269455691,20.629347,20.276495,19.854847,19.47189,0.41,,
J2224-3345,336.073243,-33.759831,-0.596,0.117,0.582,0.522,0.776895768,0.1797,0.6669,0.269455691,19.86953,18.451872,17.924791,17.764471,0.03,,
J2224-3358,336.057483,-33.978788,16.817,-13.064,1.363,0.891,13.07738081,1.4955,1.2376,1.208387201,24.475605,22.003683,20.632193,20.099525,0.48,,
J2224-3358,336.057718,-33.979101,16.817,-13.064,1.363,0.891,13.07738081,1.4955,1.2376,1.208387201,24.125166,21.614979,20.4935,20.046925,0.12,,
J2226-2927,336.695713,-29.457324,-0.057,-5.089,0.691,0.653,5.353057401,-1.2809,0.691,1.853690304,22.184523,21.25347,20.444447,20.178564,0.25,,
J2226-2927,336.696002,-29.457086,-0.057,-5.089,0.691,0.653,5.353057401,-1.2809,0.691,1.853690304,21.75687,20.692923,20.006151,19.755695,0.21,,
J2226-3133,336.702544,-31.552812,,,,,,,,,21.74478,20.890697,20.557583,20.447672,0.2,,
J2226-3133,336.702582,-31.553202,,,,,,,,,21.741798,21.045076,20.564669,20.348948,0.2,,
J2228-3223,337.062201,-32.385659,8.085,-2.395,0.56,0.515,11.08335096,0.4635,0.6108,0.758840864,20.105648,19.95473,19.237616,18.835993,0.39,,
J2228-3223,337.061932,-32.385108,8.085,-2.395,0.56,0.515,11.08335096,0.4635,0.6108,0.758840864,18.943907,17.171309,16.602112,16.440338,0.06,,
J2231-3500,337.813494,-35.013362,2.405,-4.635,1.052,1.399,2.983204478,1.4107,1.0026,1.407041692,20.321758,20.019411,20.001225,19.848495,0.08,,
J2231-3500,337.81304,-35.013321,2.405,-4.635,1.052,1.399,2.983204478,1.4107,1.0026,1.407041692,20.871168,20.376118,20.119741,19.987957,0.25,,
J2232-2748,338.040634,-27.812236,1.432,1.134,0.984,0.86,1.397735985,-1.2056,1.0556,1.14209928,20.659336,20.040215,19.82036,19.611927,0.16,,
J2232-2748,338.041119,-27.812212,1.432,1.134,0.984,0.86,1.397735985,-1.2056,1.0556,1.14209928,20.337746,19.219105,18.814985,18.646198,0.01,,
J2233-2832,338.296465,-28.54754,-0.379,0.068,0.402,0.361,0.712662122,-0.2374,0.3854,0.615983394,19.794004,19.514114,19.533915,19.793188,2.08,,
J2233-2832,338.296698,-28.546916,-0.379,0.068,0.402,0.361,0.712662122,-0.2374,0.3854,0.615983394,21.414385,20.589981,20.241722,20.106148,0.04,,
J2234-2709,338.602303,-27.163509,14.017,-4.075,0.427,0.442,23.75219919,0.4727,0.5209,0.907467844,24.036873,21.754751,20.19654,19.677813,0.4,,
J2234-2709,338.601628,-27.16329,14.017,-4.075,0.427,0.442,23.75219919,0.4727,0.5209,0.907467844,23.334799,21.21974,19.869175,19.227968,0.21,,
J2240-3405,340.127286,-34.094656,-0.321,0.358,0.363,0.273,1.058646832,0.1279,0.3312,0.386171498,20.873384,20.034342,19.863789,19.818262,0.03,,
J2240-3405,340.12713,-34.095084,-0.321,0.358,0.363,0.273,1.058646832,0.1279,0.3312,0.386171498,19.877062,19.350155,19.362307,19.36888,0.03,,
J2243-2940,340.77158,-29.66672,2.248,-5.71,0.337,0.383,12.02885523,0.2959,0.3723,0.794789149,21.648476,20.63699,20.157944,19.919252,0.1,,
J2243-2940,340.771873,-29.666218,2.248,-5.71,0.337,0.383,12.02885523,0.2959,0.3723,0.794789149,21.62734,20.2923,19.675192,19.430363,0.1,,
J2244-3506,341.103322,-35.105157,,,,,,,,,21.888254,20.869795,20.146736,19.83695,0.22,,
J2244-3506,341.102647,-35.105624,,,,,,,,,19.38971,18.228285,17.687553,17.522753,0.01,,
J2244-3536,341.09839,-35.608211,3.807,-4.786,0.215,0.232,19.33409642,0.3104,0.2492,1.245585875,21.404503,19.96461,19.26898,18.851141,0.27,,
J2244-3536,341.097912,-35.607599,3.807,-4.786,0.215,0.232,19.33409642,0.3104,0.2492,1.245585875,20.013897,18.825766,18.354408,18.19804,0.03,,
J2247-2928,341.81922,-29.479206,,,,,,,,,19.81227,18.936556,18.424047,18.15651,0.14,,
J2247-2928,341.819536,-29.479541,,,,,,,,,20.007195,18.512484,17.90636,17.71417,0.07,,
J2247-3219,341.987114,-32.332036,,,,,,,,,21.62412,20.30784,19.336132,19.02372,0.27,,
J2247-3219,341.987407,-32.331943,,,,,,,,,21.772081,20.405685,19.442924,19.119047,0.27,,
J2254-2951,343.71331,-29.857298,2.188,-5.022,1.093,1.492,2.961822049,0.6825,1.1069,0.616586864,21.245083,20.805147,20.375366,20.156342,0.17,,
J2254-2951,343.713469,-29.856877,2.188,-5.022,1.093,1.492,2.961822049,0.6825,1.1069,0.616586864,21.366459,20.636251,20.327818,20.29971,0.2,,
J2302-2813,345.740263,-28.22054,-0.03,0.238,0.19,0.269,0.728388737,0.1081,0.2679,0.403508772,18.727114,18.492943,18.28388,18.102283,0.02,,
J2302-2813,345.74058,-28.220912,-0.03,0.238,0.19,0.269,0.728388737,0.1081,0.2679,0.403508772,19.445072,18.919376,18.696535,18.600159,0.04,,
J2304-2745,346.229143,-27.756363,0.068,0.572,0.353,0.344,1.168663402,-0.2901,0.3171,0.914853359,20.062172,19.607433,19.362684,19.010952,0.28,,
J2304-2745,346.228912,-27.756026,0.068,0.572,0.353,0.344,1.168663402,-0.2901,0.3171,0.914853359,20.375711,19.091703,18.500696,18.22162,0.12,,
J2307-3039,346.828398,-30.654557,-0.263,-0.01,0.16,0.168,1.134439851,-0.1578,0.1677,0.940966011,20.421661,19.500494,19.197527,19.05814,0.01,2.639,SSLENS
J2307-3039,346.828888,-30.654312,-0.263,-0.01,0.16,0.168,1.134439851,-0.1578,0.1677,0.940966011,19.312239,18.484344,18.430328,18.507395,0.01,2.639,SSLENS
J2309-3432,347.266364,-34.536159,-0.009,0.172,0.125,0.192,0.751775256,-0.1647,0.1446,1.139004149,19.022491,19.012783,18.745584,18.85868,0.02,,
J2309-3432,347.265974,-34.536183,-0.009,0.172,0.125,0.192,0.751775256,-0.1647,0.1446,1.139004149,18.149878,18.106804,17.962137,18.138523,0.01,,
J2312-2956,348.204116,-29.935946,4.058,-2.88,0.215,0.203,16.82870186,1.9172,0.2765,6.933815552,22.932396,20.079351,18.63612,17.421816,0.52,,
J2312-2956,348.203757,-29.935862,4.058,-2.88,0.215,0.203,16.82870186,1.9172,0.2765,6.933815552,22.42329,19.674286,18.277096,17.102486,0.5,,
J2316-3320,349.115475,-33.333889,0.106,1.238,0.438,0.839,1.312833729,0.6235,0.7765,0.802962009,20.030966,19.328022,19.208132,19.155777,0.03,,
J2316-3320,349.115891,-33.3339,0.106,1.238,0.438,0.839,1.312833729,0.6235,0.7765,0.802962009,19.864807,19.476572,19.323992,19.172888,0.16,,
J2321-2812,350.407357,-28.201743,-0.498,-0.509,0.209,0.312,1.89623574,-0.2523,0.2533,0.996052112,20.851286,20.052662,19.804432,19.778423,0.14,,
J2321-2812,350.407225,-28.202176,-0.498,-0.509,0.209,0.312,1.89623574,-0.2523,0.2533,0.996052112,19.091173,18.803751,18.557648,18.349504,0.67,,
J2329-3409,352.417763,-34.156397,,,,,,,,,21.912039,21.118149,20.202682,19.694134,0.72,,
J2330-3004,352.68225,-30.073521,2.654,-10.286,0.56,0.63,12.60259862,-0.1684,1.2423,0.135555019,24.302902,21.75271,20.118332,19.422224,0.47,,
J2330-3004,352.682514,-30.073136,2.654,-10.286,0.56,0.63,12.60259862,-0.1684,1.2423,0.135555019,23.430038,21.24743,19.8788,19.181736,0.2,,
J2339-3518,354.758892,-35.309848,10.707,-11.415,1.269,0.849,10.25050986,-0.8157,0.9122,0.894211796,22.655506,21.084177,19.920952,19.456781,0.33,,
J2341-2906,355.258969,-29.114062,-0.36,-0.897,0.557,0.582,1.19979959,0.6882,0.5181,1.328314997,20.904703,19.94451,19.60538,19.500608,0.03,,
J2341-2906,355.25867,-29.114633,-0.36,-0.897,0.557,0.582,1.19979959,0.6882,0.5181,1.328314997,20.256096,20.040731,19.734156,19.649752,0.43,,
J2343-3038,355.766462,-30.642644,,,,,,,,,19.317053,17.95898,17.247196,16.877274,0.11,,
J2343-3038,355.766084,-30.642672,,,,,,,,,19.055635,17.627756,16.99505,16.597328,0.08,,
J2345-3254,356.335765,-32.914916,0.091,0.073,0.636,0.96,0.101307496,0.1026,0.6958,0.147456166,21.182608,20.188799,19.80084,19.645542,0.02,,
J2345-3254,356.335093,-32.914786,0.091,0.073,0.636,0.96,0.101307496,0.1026,0.6958,0.147456166,20.841515,20.2877,19.936544,19.65529,0.32,,
J2349-2858,357.382187,-28.981482,1.313,0.061,1.004,1.067,0.897153917,0.1148,1.2265,0.093599674,20.322853,20.285582,20.076313,19.965866,0.02,,
J2349-2858,357.382411,-28.980901,1.313,0.061,1.004,1.067,0.897153917,0.1148,1.2265,0.093599674,20.520947,19.58156,19.303278,19.221449,0.03,,
J2353-3236,358.404001,-32.603504,1.816,-1.518,0.478,0.642,2.957118934,0.3456,0.666,0.518918919,21.968922,20.799751,20.029408,19.70946,0.23,,
J2353-3236,358.404182,-32.603758,1.816,-1.518,0.478,0.642,2.957118934,0.3456,0.666,0.518918919,21.564442,20.477047,19.917183,19.730635,0.1,,
J2354-3213,358.577668,-32.231881,-0.071,-3.093,0.245,0.312,7.798924567,1.193,0.3602,3.312048862,24.268848,21.562246,20.131207,19.511602,0.29,,
J2354-3213,358.578068,-32.23178,-0.071,-3.093,0.245,0.312,7.798924567,1.193,0.3602,3.312048862,23.179901,20.693705,19.33665,18.695692,0.21,,
J2356-2805,359.186541,-28.097624,0.092,0.022,0.316,0.226,0.243485063,-0.3802,0.2832,1.342514124,19.229021,19.09377,18.746738,18.87857,0.04,,
J2356-2805,359.187123,-28.098075,0.092,0.022,0.316,0.226,0.243485063,-0.3802,0.2832,1.342514124,20.257692,18.702887,17.994946,17.769926,0.01,,
J2356-3135,359.217873,-31.587565,,,,,,,,,20.605162,20.056425,19.893867,19.81415,0.03,,
J2356-3135,359.217997,-31.587338,,,,,,,,,20.378317,19.669573,19.527222,19.419374,0.09,2.769,2QZ
J2356-3157,359.073255,-31.951281,0.85,-0.012,0.944,0.873,0.661136242,-1.1046,0.8765,1.260239589,21.136866,20.561531,20.337406,20.141447,0.19,,
J2356-3157,359.073547,-31.950837,0.85,-0.012,0.944,0.873,0.661136242,-1.1046,0.8765,1.260239589,22.086357,21.017704,20.525946,20.273169,0.07,,
J2356-3532,359.07167,-35.537485,1.725,-9.278,0.356,0.432,16.85823213,-0.2053,0.5454,0.376420975,23.61829,20.960825,19.630905,18.950306,0.23,,
J2356-3532,359.07109,-35.537572,1.725,-9.278,0.356,0.432,16.85823213,-0.2053,0.5454,0.376420975,23.176086,20.206331,18.809828,17.99692,0.32,,
J2357-3422,359.266034,-34.377082,-1.314,0.131,1.812,2.33,0.447381444,-3.6161,2.6803,1.349140022,19.86298,19.412727,19.189022,19.109705,0.16,,
J2357-3422,359.26579,-34.37748,-1.314,0.131,1.812,2.33,0.447381444,-3.6161,2.6803,1.349140022,20.096504,19.755001,19.312342,19.199162,0.17,,
J2359-2906,359.810643,-29.116388,,,,,,,,,20.575766,20.285069,20.161995,19.908457,0.28,,
J2359-2906,359.810702,-29.115964,,,,,,,,,20.186964,19.438162,19.143858,19.004234,0.01,,
